,bow,bow_nva,bow_tf-idf
0,0.40494590417310666,0.3774437670800925,0.3680577022153529
1,0.47078825347758885,0.4559596384275804,0.48830499742400824
2,0.4732612055641422,0.4562749632121085,0.4844925296239052
3,0.4733642452344152,0.4563800714736178,0.48418341061308606
4,0.4733642452344152,0.4563800714736178,0.48418341061308606
5,0.4733642452344152,0.4563800714736178,0.48418341061308606
